,macro_f1,micro_f1,accuracy
NRCLex + LR,0.5838811752193979,0.6940591468202041,0.6940591468202041
DeBERTa-v3,0.688717316319698,0.7696937974352264,0.7696937974352264
